name,label
pug/00000150.jpg,pug
pug/00000153.jpg,pug
pug/00000162.jpg,pug
pug/00000171.jpeg,pug
pug/00000183.png,pug
pug/00000168.jpg,pug
pug/00000185.jpg,pug
pug/00000187.jpg,pug
pug/00000189.jpg,pug
pug/00000060.jpg,pug
pug/00000068.jpg,pug
pug/00000067.jpg,pug
pug/00000039.jpg,pug
pug/00000079.jpg,pug
pug/00000072.jpg,pug
pug/00000080.jpg,pug
pug/00000055.jpeg,pug
pug/00000075.jpg,pug
pug/00000092.jpg,pug
pug/00000107.jpg,pug
pug/00000134.jpg,pug
pug/00000135.JPG,pug
pug/00000110.jpg,pug
pug/00000137.jpg,pug
pug/00000129.jpg,pug
pug/00000144.jpg,pug
pug/00000034.jpg,pug
pug/00000043.JPG,pug
pug/00000009.jpeg,pug
pug/00000044.jpg,pug
pug/00000032.jpg,pug
pug/00000011.jpg,pug
pug/00000026.jpg,pug
pug/00000012.JPG,pug
pug/00000035.jpg,pug
pug/00000074.jpg,pug
pug/00000010.png,pug
pug/00000073.jpg,pug
pug/00000000.jpg,pug
pug/00000041.jpg,pug
pug/00000070.jpg,pug
pug/00000037.jpg,pug
pug/00000016.jpg,pug
pug/00000038.jpg,pug
pug/00000008.jpg,pug
pug/00000078.jpg,pug
pug/00000084.png,pug
pug/00000021.jpg,pug
pug/00000036.jpg,pug
pug/00000015.jpg,pug
pug/00000040.jpg,pug
pug/00000047.jpg,pug
pug/00000082.jpg,pug
pug/00000053.jpg,pug
pug/00000086.jpg,pug
pug/00000013.jpg,pug
pug/00000048.jpg,pug
pug/00000087.jpg,pug
pug/00000054.png,pug
pug/00000028.jpg,pug
pug/00000052.jpg,pug
pug/00000089.jpg,pug
pug/00000014.jpg,pug
pug/00000083.jpg,pug
pug/00000030.jpg,pug
pug/00000090.jpg,pug
pug/00000056.jpg,pug
pug/00000093.jpg,pug
pug/00000024.jpg,pug
pug/00000050.jpg,pug
pug/00000095.jpg,pug
pug/00000020.jpg,pug
pug/00000062.jpg,pug
pug/00000025.jpg,pug
pug/00000049.JPG,pug
pug/00000088.jpg,pug
pug/00000058.png,pug
pug/00000018.jpg,pug
pug/00000096.jpg,pug
pug/00000069.jpg,pug
pug/00000033.jpg,pug
pug/00000063.png,pug
pug/00000097.jpg,pug
pug/00000059.jpg,pug
pug/00000098.jpg,pug
pug/00000061.jpg,pug
pug/00000102.jpg,pug
pug/00000133.jpg,pug
pug/00000157.jpg,pug
pug/00000094.jpg,pug
pug/00000128.jpg,pug
pug/00000164.jpg,pug
pug/00000108.jpg,pug
pug/00000131.jpg,pug
pug/00000170.jpg,pug
pug/00000100.jpg,pug
pug/00000138.jpg,pug
pug/00000115.png,pug
pug/00000141.JPG,pug
pug/00000117.jpg,pug
pug/00000127.jpg,pug
pug/00000173.jpeg,pug
pug/00000118.jpg,pug
pug/00000140.jpg,pug
pug/00000166.jpg,pug
pug/00000111.jpg,pug
pug/00000177.jpg,pug
pug/00000174.jpg,pug
pug/00000113.jpg,pug
pug/00000146.png,pug
pug/00000165.jpg,pug
pug/00000114.jpg,pug
pug/00000178.jpg,pug
pug/00000106.jpg,pug
pug/00000169.png,pug
pug/00000122.jpg,pug
pug/00000136.jpg,pug
pug/00000179.jpg,pug
pug/00000121.jpg,pug
pug/00000142.jpg,pug
pug/00000184.jpg,pug
pug/00000152.jpg,pug
pug/00000125.jpg,pug
pug/00000147.jpg,pug
pug/00000126.jpg,pug
pug/00000182.jpg,pug
pug/00000145.JPG,pug
pug/00000120.jpg,pug
pug/00000188.jpg,pug
pug/00000148.jpg,pug
pug/00000124.jpg,pug
pug/00000155.jpg,pug
pug/00000130.jpg,pug
pug/00000186.jpg,pug
pug/00000132.jpg,pug
pug/00000180.jpeg,pug
pug/00000116.jpg,pug
pug/00000191.jpg,pug
pug/00000156.jpg,pug
pug/00000190.jpg,pug
pug/00000149.png,pug
pug/00000197.jpg,pug
pug/00000196.jpeg,pug
pug/00000123.jpg,pug
pug/00000193.jpg,pug
pug/00000192.jpg,pug
pug/00000159.png,pug
pug/00000151.jpg,pug
pug/00000198.jpg,pug
pug/00000161.jpg,pug
pug/00000195.jpg,pug
pug/00000158.png,pug
pug/00000160.jpg,pug
bulldog/00000006.jpg,bulldog
bulldog/00000008.jpg,bulldog
bulldog/00000007.jpg,bulldog
bulldog/00000017.jpg,bulldog
bulldog/00000052.jpg,bulldog
bulldog/00000030.jpg,bulldog
bulldog/00000042.jpg,bulldog
bulldog/00000069.jpg,bulldog
bulldog/00000037.jpg,bulldog
bulldog/00000066.jpg,bulldog
bulldog/00000075.jpg,bulldog
bulldog/00000044.jpg,bulldog
bulldog/00000156.jpg,bulldog
bulldog/00000153.jpg,bulldog
bulldog/00000107.jpg,bulldog
bulldog/00000162.jpg,bulldog
bulldog/00000108.jpg,bulldog
bulldog/00000106.jpg,bulldog
bulldog/00000105.jpg,bulldog
bulldog/00000089.jpg,bulldog
bulldog/00000132.jpg,bulldog
bulldog/00000134.jpg,bulldog
bulldog/00000137.jpg,bulldog
bulldog/00000123.jpg,bulldog
bulldog/00000194.jpg,bulldog
bulldog/00000144.jpg,bulldog
bulldog/00000147.jpg,bulldog
bulldog/00000149.jpg,bulldog
bulldog/00000150.jpg,bulldog
bulldog/00000001.jpg,bulldog
bulldog/00000033.jpg,bulldog
bulldog/00000013.jpg,bulldog
bulldog/00000036.jpg,bulldog
bulldog/00000012.jpg,bulldog
bulldog/00000041.jpg,bulldog
bulldog/00000080.jpg,bulldog
bulldog/00000016.jpg,bulldog
bulldog/00000040.jpg,bulldog
bulldog/00000081.jpg,bulldog
bulldog/00000002.jpg,bulldog
bulldog/00000038.jpg,bulldog
bulldog/00000090.png,bulldog
bulldog/00000005.jpg,bulldog
bulldog/00000092.jpeg,bulldog
bulldog/00000015.jpg,bulldog
bulldog/00000024.jpg,bulldog
bulldog/00000088.jpg,bulldog
bulldog/00000014.jpg,bulldog
bulldog/00000095.jpg,bulldog
bulldog/00000031.jpg,bulldog
bulldog/00000021.png,bulldog
bulldog/00000091.jpg,bulldog
bulldog/00000039.jpg,bulldog
bulldog/00000010.jpg,bulldog
bulldog/00000098.jpg,bulldog
bulldog/00000046.jpg,bulldog
bulldog/00000000.jpg,bulldog
bulldog/00000094.jpg,bulldog
bulldog/00000048.jpg,bulldog
bulldog/00000099.jpg,bulldog
bulldog/00000087.jpg,bulldog
bulldog/00000011.jpg,bulldog
bulldog/00000032.jpg,bulldog
bulldog/00000086.jpg,bulldog
bulldog/00000051.jpg,bulldog
bulldog/00000026.jpg,bulldog
bulldog/00000102.jpg,bulldog
bulldog/00000045.jpeg,bulldog
bulldog/00000003.jpg,bulldog
bulldog/00000103.jpg,bulldog
bulldog/00000101.jpg,bulldog
bulldog/00000028.jpg,bulldog
bulldog/00000056.jpg,bulldog
bulldog/00000104.jpg,bulldog
bulldog/00000022.jpg,bulldog
bulldog/00000054.jpg,bulldog
bulldog/00000110.png,bulldog
bulldog/00000035.jpg,bulldog
bulldog/00000109.jpg,bulldog
bulldog/00000085.jpg,bulldog
bulldog/00000139.png,bulldog
bulldog/00000063.jpg,bulldog
bulldog/00000136.jpg,bulldog
bulldog/00000117.png,bulldog
bulldog/00000119.jpg,bulldog
bulldog/00000060.jpg,bulldog
bulldog/00000135.jpg,bulldog
bulldog/00000113.jpg,bulldog
bulldog/00000064.jpg,bulldog
bulldog/00000141.jpg,bulldog
bulldog/00000062.jpg,bulldog
bulldog/00000140.png,bulldog
bulldog/00000115.jpg,bulldog
bulldog/00000049.jpg,bulldog
bulldog/00000122.jpg,bulldog
bulldog/00000142.jpg,bulldog
bulldog/00000068.jpg,bulldog
bulldog/00000114.jpg,bulldog
bulldog/00000146.jpg,bulldog
bulldog/00000065.jpg,bulldog
bulldog/00000124.png,bulldog
bulldog/00000093.jpg,bulldog
bulldog/00000152.jpg,bulldog
bulldog/00000118.jpg,bulldog
bulldog/00000070.jpg,bulldog
bulldog/00000159.jpg,bulldog
bulldog/00000125.jpg,bulldog
bulldog/00000129.jpg,bulldog
bulldog/00000072.jpg,bulldog
bulldog/00000148.png,bulldog
bulldog/00000126.jpeg,bulldog
bulldog/00000161.jpg,bulldog
bulldog/00000133.jpg,bulldog
bulldog/00000082.png,bulldog
bulldog/00000157.jpg,bulldog
bulldog/00000128.jpg,bulldog
bulldog/00000165.jpg,bulldog
bulldog/00000121.jpg,bulldog
bulldog/00000071.jpg,bulldog
bulldog/00000130.jpg,bulldog
bulldog/00000077.jpeg,bulldog
bulldog/00000076.jpg,bulldog
bulldog/00000185.jpg,bulldog
bulldog/00000163.jpeg,bulldog
bulldog/00000191.jpg,bulldog
bulldog/00000187.jpg,bulldog
bulldog/00000171.jpg,bulldog
bulldog/00000186.jpg,bulldog
bulldog/00000174.jpg,bulldog
bulldog/00000189.jpg,bulldog
bulldog/00000190.jpg,bulldog
bulldog/00000193.jpg,bulldog
bulldog/00000192.jpg,bulldog
bulldog/00000172.jpg,bulldog
bulldog/00000197.jpg,bulldog
bulldog/00000169.jpg,bulldog
bulldog/00000199.jpg,bulldog
bulldog/00000177.jpg,bulldog
bulldog/00000195.JPG,bulldog
bulldog/00000170.jpg,bulldog
bulldog/00000173.jpg,bulldog
bulldog/00000178.jpg,bulldog
bulldog/00000168.jpg,bulldog
bulldog/00000182.jpg,bulldog
bulldog/00000184.jpg,bulldog
bulldog/00000176.jpg,bulldog
labradorreterviver/00000000.jpg,labradorreterviver
labradorreterviver/00000008.jpg,labradorreterviver
labradorreterviver/00000004.jpg,labradorreterviver
labradorreterviver/00000013.jpg,labradorreterviver
labradorreterviver/00000025.jpg,labradorreterviver
labradorreterviver/00000021.jpg,labradorreterviver
labradorreterviver/00000036.jpg,labradorreterviver
labradorreterviver/00000046.jpg,labradorreterviver
labradorreterviver/00000051.jpg,labradorreterviver
labradorreterviver/00000069.jpg,labradorreterviver
labradorreterviver/00000072.jpg,labradorreterviver
labradorreterviver/00000098.jpg,labradorreterviver
labradorreterviver/00000087.jpg,labradorreterviver
labradorreterviver/00000102.jpg,labradorreterviver
labradorreterviver/00000108.jpg,labradorreterviver
labradorreterviver/00000101.jpg,labradorreterviver
labradorreterviver/00000107.jpg,labradorreterviver
labradorreterviver/00000100.jpg,labradorreterviver
labradorreterviver/00000110.jpg,labradorreterviver
labradorreterviver/00000118.jpg,labradorreterviver
labradorreterviver/00000132.jpeg,labradorreterviver
labradorreterviver/00000133.jpg,labradorreterviver
labradorreterviver/00000136.jpg,labradorreterviver
labradorreterviver/00000141.jpg,labradorreterviver
labradorreterviver/00000161.jpg,labradorreterviver
labradorreterviver/00000157.jpg,labradorreterviver
labradorreterviver/00000174.jpg,labradorreterviver
labradorreterviver/00000172.jpg,labradorreterviver
labradorreterviver/00000173.jpg,labradorreterviver
labradorreterviver/00000175.jpg,labradorreterviver
labradorreterviver/00000181.jpg,labradorreterviver
labradorreterviver/00000187.jpg,labradorreterviver
labradorreterviver/00000199.jpg,labradorreterviver
labradorreterviver/00000030.jpg,labradorreterviver
labradorreterviver/00000040.jpg,labradorreterviver
labradorreterviver/00000038.jpg,labradorreterviver
labradorreterviver/00000044.jpg,labradorreterviver
labradorreterviver/00000042.jpg,labradorreterviver
labradorreterviver/00000047.jpg,labradorreterviver
labradorreterviver/00000045.jpg,labradorreterviver
labradorreterviver/00000050.jpg,labradorreterviver
labradorreterviver/00000007.png,labradorreterviver
labradorreterviver/00000041.jpg,labradorreterviver
labradorreterviver/00000009.jpg,labradorreterviver
labradorreterviver/00000057.jpg,labradorreterviver
labradorreterviver/00000005.jpg,labradorreterviver
labradorreterviver/00000014.png,labradorreterviver
labradorreterviver/00000052.jpg,labradorreterviver
labradorreterviver/00000012.jpg,labradorreterviver
labradorreterviver/00000006.jpg,labradorreterviver
labradorreterviver/00000001.jpg,labradorreterviver
labradorreterviver/00000048.jpg,labradorreterviver
labradorreterviver/00000015.jpg,labradorreterviver
labradorreterviver/00000062.jpg,labradorreterviver
labradorreterviver/00000083.jpg,labradorreterviver
labradorreterviver/00000003.jpg,labradorreterviver
labradorreterviver/00000011.jpg,labradorreterviver
labradorreterviver/00000080.jpg,labradorreterviver
labradorreterviver/00000059.jpg,labradorreterviver
labradorreterviver/00000064.jpg,labradorreterviver
labradorreterviver/00000089.jpg,labradorreterviver
labradorreterviver/00000022.jpg,labradorreterviver
labradorreterviver/00000049.jpg,labradorreterviver
labradorreterviver/00000092.jpg,labradorreterviver
labradorreterviver/00000020.jpg,labradorreterviver
labradorreterviver/00000091.jpg,labradorreterviver
labradorreterviver/00000067.jpg,labradorreterviver
labradorreterviver/00000018.jpg,labradorreterviver
labradorreterviver/00000088.jpg,labradorreterviver
labradorreterviver/00000066.png,labradorreterviver
labradorreterviver/00000026.jpg,labradorreterviver
labradorreterviver/00000093.jpg,labradorreterviver
labradorreterviver/00000032.jpeg,labradorreterviver
labradorreterviver/00000023.jpg,labradorreterviver
labradorreterviver/00000086.jpg,labradorreterviver
labradorreterviver/00000071.jpg,labradorreterviver
labradorreterviver/00000073.jpg,labradorreterviver
labradorreterviver/00000075.jpg,labradorreterviver
labradorreterviver/00000035.jpg,labradorreterviver
labradorreterviver/00000095.jpg,labradorreterviver
labradorreterviver/00000074.jpg,labradorreterviver
labradorreterviver/00000094.JPG,labradorreterviver
labradorreterviver/00000027.jpg,labradorreterviver
labradorreterviver/00000054.jpg,labradorreterviver
labradorreterviver/00000034.jpg,labradorreterviver
labradorreterviver/00000077.jpg,labradorreterviver
labradorreterviver/00000033.jpg,labradorreterviver
labradorreterviver/00000070.jpg,labradorreterviver
labradorreterviver/00000079.jpg,labradorreterviver
labradorreterviver/00000144.jpg,labradorreterviver
labradorreterviver/00000076.jpg,labradorreterviver
labradorreterviver/00000137.jpg,labradorreterviver
labradorreterviver/00000103.jpg,labradorreterviver
labradorreterviver/00000139.jpg,labradorreterviver
labradorreterviver/00000104.jpg,labradorreterviver
labradorreterviver/00000081.jpg,labradorreterviver
labradorreterviver/00000112.jpg,labradorreterviver
labradorreterviver/00000140.png,labradorreterviver
labradorreterviver/00000143.jpg,labradorreterviver
labradorreterviver/00000111.jpg,labradorreterviver
labradorreterviver/00000188.jpg,labradorreterviver
labradorreterviver/00000149.jpg,labradorreterviver
labradorreterviver/00000099.png,labradorreterviver
labradorreterviver/00000196.jpg,labradorreterviver
labradorreterviver/00000114.jpg,labradorreterviver
labradorreterviver/00000198.jpg,labradorreterviver
labradorreterviver/00000148.png,labradorreterviver
labradorreterviver/00000193.jpg,labradorreterviver
labradorreterviver/00000152.jpg,labradorreterviver
labradorreterviver/00000109.jpg,labradorreterviver
labradorreterviver/00000194.jpg,labradorreterviver
labradorreterviver/00000197.jpg,labradorreterviver
labradorreterviver/00000151.jpg,labradorreterviver
labradorreterviver/00000124.png,labradorreterviver
labradorreterviver/00000147.jpg,labradorreterviver
labradorreterviver/00000121.jpg,labradorreterviver
labradorreterviver/00000145.jpg,labradorreterviver
labradorreterviver/00000119.jpg,labradorreterviver
labradorreterviver/00000154.jpg,labradorreterviver
labradorreterviver/00000117.jpg,labradorreterviver
labradorreterviver/00000155.jpg,labradorreterviver
labradorreterviver/00000135.jpg,labradorreterviver
labradorreterviver/00000156.jpg,labradorreterviver
labradorreterviver/00000085.jpeg,labradorreterviver
labradorreterviver/00000126.jpg,labradorreterviver
labradorreterviver/00000165.jpg,labradorreterviver
labradorreterviver/00000131.jpg,labradorreterviver
labradorreterviver/00000134.jpg,labradorreterviver
labradorreterviver/00000169.jpg,labradorreterviver
labradorreterviver/00000138.jpg,labradorreterviver
labradorreterviver/00000167.jpg,labradorreterviver
labradorreterviver/00000162.jpg,labradorreterviver
labradorreterviver/00000163.jpg,labradorreterviver
labradorreterviver/00000166.jpg,labradorreterviver
labradorreterviver/00000170.jpg,labradorreterviver
labradorreterviver/00000177.jpg,labradorreterviver
labradorreterviver/00000179.jpg,labradorreterviver
labradorreterviver/00000171.jpg,labradorreterviver
labradorreterviver/00000176.jpg,labradorreterviver
labradorreterviver/00000183.jpg,labradorreterviver
labradorreterviver/00000186.jpg,labradorreterviver
labradorreterviver/00000184.jpg,labradorreterviver
labradorreterviver/00000178.jpg,labradorreterviver
labradorreterviver/00000180.png,labradorreterviver
labradorreterviver/00000190.jpg,labradorreterviver
labradorreterviver/00000182.jpg,labradorreterviver
pomeranian/00000002.jpg,pomeranian
pomeranian/00000010.jpg,pomeranian
pomeranian/00000006.jpg,pomeranian
pomeranian/00000001.jpg,pomeranian
pomeranian/00000005.jpg,pomeranian
pomeranian/00000023.jpg,pomeranian
pomeranian/00000027.jpg,pomeranian
pomeranian/00000000.jpg,pomeranian
pomeranian/00000033.jpg,pomeranian
pomeranian/00000036.jpg,pomeranian
pomeranian/00000037.jpg,pomeranian
pomeranian/00000041.jpg,pomeranian
pomeranian/00000050.jpg,pomeranian
pomeranian/00000053.jpg,pomeranian
pomeranian/00000068.PNG,pomeranian
pomeranian/00000079.jpg,pomeranian
pomeranian/00000090.jpg,pomeranian
pomeranian/00000095.jpg,pomeranian
pomeranian/00000108.jpg,pomeranian
pomeranian/00000105.jpg,pomeranian
pomeranian/00000110.jpg,pomeranian
pomeranian/00000115.jpg,pomeranian
pomeranian/00000118.jpg,pomeranian
pomeranian/00000142.jpeg,pomeranian
pomeranian/00000145.jpg,pomeranian
pomeranian/00000152.jpg,pomeranian
pomeranian/00000155.jpg,pomeranian
pomeranian/00000157.jpg,pomeranian
pomeranian/00000163.jpg,pomeranian
pomeranian/00000175.jpg,pomeranian
pomeranian/00000177.jpg,pomeranian
pomeranian/00000189.jpg,pomeranian
pomeranian/00000194.JPG,pomeranian
pomeranian/00000030.jpg,pomeranian
pomeranian/00000044.jpg,pomeranian
pomeranian/00000003.jpg,pomeranian
pomeranian/00000038.jpg,pomeranian
pomeranian/00000007.jpg,pomeranian
pomeranian/00000009.jpg,pomeranian
pomeranian/00000035.jpg,pomeranian
pomeranian/00000004.jpg,pomeranian
pomeranian/00000048.jpg,pomeranian
pomeranian/00000012.jpg,pomeranian
pomeranian/00000045.jpg,pomeranian
pomeranian/00000013.jpg,pomeranian
pomeranian/00000042.jpg,pomeranian
pomeranian/00000016.jpg,pomeranian
pomeranian/00000047.png,pomeranian
pomeranian/00000017.jpg,pomeranian
pomeranian/00000015.JPG,pomeranian
pomeranian/00000055.jpg,pomeranian
pomeranian/00000120.png,pomeranian
pomeranian/00000020.jpg,pomeranian
pomeranian/00000058.jpg,pomeranian
pomeranian/00000011.jpg,pomeranian
pomeranian/00000117.jpg,pomeranian
pomeranian/00000025.jpg,pomeranian
pomeranian/00000063.jpg,pomeranian
pomeranian/00000127.png,pomeranian
pomeranian/00000026.jpg,pomeranian
pomeranian/00000046.jpg,pomeranian
pomeranian/00000029.jpg,pomeranian
pomeranian/00000059.jpg,pomeranian
pomeranian/00000022.jpg,pomeranian
pomeranian/00000061.jpg,pomeranian
pomeranian/00000031.jpg,pomeranian
pomeranian/00000019.jpg,pomeranian
pomeranian/00000124.jpg,pomeranian
pomeranian/00000060.jpg,pomeranian
pomeranian/00000032.jpg,pomeranian
pomeranian/00000065.jpg,pomeranian
pomeranian/00000114.jpg,pomeranian
pomeranian/00000028.jpg,pomeranian
pomeranian/00000071.jpg,pomeranian
pomeranian/00000123.jpg,pomeranian
pomeranian/00000021.jpg,pomeranian
pomeranian/00000125.jpg,pomeranian
pomeranian/00000062.jpg,pomeranian
pomeranian/00000040.jpg,pomeranian
pomeranian/00000131.jpg,pomeranian
pomeranian/00000072.jpg,pomeranian
pomeranian/00000024.jpg,pomeranian
pomeranian/00000066.jpg,pomeranian
pomeranian/00000187.jpg,pomeranian
pomeranian/00000132.jpg,pomeranian
pomeranian/00000070.jpg,pomeranian
pomeranian/00000197.jpg,pomeranian
pomeranian/00000137.jpg,pomeranian
pomeranian/00000074.jpg,pomeranian
pomeranian/00000195.jpg,pomeranian
pomeranian/00000128.jpg,pomeranian
pomeranian/00000076.jpg,pomeranian
pomeranian/00000199.jpg,pomeranian
pomeranian/00000130.jpg,pomeranian
pomeranian/00000067.jpg,pomeranian
pomeranian/00000198.jpg,pomeranian
pomeranian/00000138.jpg,pomeranian
pomeranian/00000077.jpg,pomeranian
pomeranian/00000196.jpg,pomeranian
pomeranian/00000139.png,pomeranian
pomeranian/00000034.jpg,pomeranian
pomeranian/00000193.jpg,pomeranian
pomeranian/00000190.jpg,pomeranian
pomeranian/00000080.jpg,pomeranian
pomeranian/00000122.jpg,pomeranian
pomeranian/00000180.jpg,pomeranian
pomeranian/00000075.jpg,pomeranian
pomeranian/00000084.jpg,pomeranian
pomeranian/00000088.jpg,pomeranian
pomeranian/00000140.jpg,pomeranian
pomeranian/00000148.jpg,pomeranian
pomeranian/00000086.jpg,pomeranian
pomeranian/00000082.jpg,pomeranian
pomeranian/00000141.jpg,pomeranian
pomeranian/00000133.jpg,pomeranian
pomeranian/00000143.jpg,pomeranian
pomeranian/00000093.jpg,pomeranian
pomeranian/00000146.png,pomeranian
pomeranian/00000083.jpg,pomeranian
pomeranian/00000147.jpg,pomeranian
pomeranian/00000099.jpg,pomeranian
pomeranian/00000149.jpg,pomeranian
pomeranian/00000097.jpg,pomeranian
pomeranian/00000161.jpg,pomeranian
pomeranian/00000087.jpg,pomeranian
pomeranian/00000104.jpg,pomeranian
pomeranian/00000162.jpg,pomeranian
pomeranian/00000098.jpg,pomeranian
pomeranian/00000100.jpg,pomeranian
pomeranian/00000159.jpg,pomeranian
pomeranian/00000094.jpg,pomeranian
pomeranian/00000103.jpg,pomeranian
pomeranian/00000153.jpg,pomeranian
pomeranian/00000101.jpg,pomeranian
pomeranian/00000166.png,pomeranian
pomeranian/00000096.png,pomeranian
pomeranian/00000107.jpg,pomeranian
pomeranian/00000169.jpg,pomeranian
pomeranian/00000158.jpg,pomeranian
pomeranian/00000113.jpg,pomeranian
pomeranian/00000167.jpg,pomeranian
pomeranian/00000112.jpg,pomeranian
pomeranian/00000171.jpg,pomeranian
pomeranian/00000109.jpg,pomeranian
pomeranian/00000168.png,pomeranian
pomeranian/00000181.jpg,pomeranian
pomeranian/00000176.jpg,pomeranian
pomeranian/00000174.jpg,pomeranian
pomeranian/00000164.jpg,pomeranian
pomeranian/00000185.jpg,pomeranian
pomeranian/00000182.jpg,pomeranian
pomeranian/00000191.jpg,pomeranian
pomeranian/00000192.jpg,pomeranian
pomeranian/00000188.jpg,pomeranian
pomeranian/00000057.gif,pomeranian
germanshephard/00000011.jpg,germanshephard
germanshephard/00000013.jpg,germanshephard
germanshephard/00000007.jpg,germanshephard
germanshephard/00000006.jpg,germanshephard
germanshephard/00000024.jpg,germanshephard
germanshephard/00000027.jpg,germanshephard
germanshephard/00000022.jpg,germanshephard
germanshephard/00000072.jpg,germanshephard
germanshephard/00000080.jpg,germanshephard
germanshephard/00000087.jpg,germanshephard
germanshephard/00000092.jpg,germanshephard
germanshephard/00000116.jpg,germanshephard
germanshephard/00000132.jpg,germanshephard
germanshephard/00000137.jpg,germanshephard
germanshephard/00000141.jpg,germanshephard
germanshephard/00000154.jpg,germanshephard
germanshephard/00000164.jpg,germanshephard
germanshephard/00000165.jpg,germanshephard
germanshephard/00000182.jpg,germanshephard
germanshephard/00000174.jpg,germanshephard
germanshephard/00000003.jpg,germanshephard
germanshephard/00000010.jpg,germanshephard
germanshephard/00000008.jpg,germanshephard
germanshephard/00000002.jpg,germanshephard
germanshephard/00000009.jpg,germanshephard
germanshephard/00000014.jpg,germanshephard
germanshephard/00000018.jpg,germanshephard
germanshephard/00000020.jpg,germanshephard
germanshephard/00000019.jpg,germanshephard
germanshephard/00000017.jpg,germanshephard
germanshephard/00000016.JPG,germanshephard
germanshephard/00000028.jpg,germanshephard
germanshephard/00000029.jpg,germanshephard
germanshephard/00000034.jpg,germanshephard
germanshephard/00000032.jpg,germanshephard
germanshephard/00000025.jpg,germanshephard
germanshephard/00000031.jpg,germanshephard
germanshephard/00000030.png,germanshephard
germanshephard/00000033.jpg,germanshephard
germanshephard/00000036.jpg,germanshephard
germanshephard/00000039.jpg,germanshephard
germanshephard/00000068.jpg,germanshephard
germanshephard/00000057.jpg,germanshephard
germanshephard/00000040.jpg,germanshephard
germanshephard/00000070.jpg,germanshephard
germanshephard/00000043.jpg,germanshephard
germanshephard/00000071.jpg,germanshephard
germanshephard/00000048.jpg,germanshephard
germanshephard/00000041.png,germanshephard
germanshephard/00000077.jpg,germanshephard
germanshephard/00000049.jpg,germanshephard
germanshephard/00000076.jpg,germanshephard
germanshephard/00000052.png,germanshephard
germanshephard/00000078.jpg,germanshephard
germanshephard/00000073.jpg,germanshephard
germanshephard/00000045.jpg,germanshephard
germanshephard/00000079.jpg,germanshephard
germanshephard/00000051.jpg,germanshephard
germanshephard/00000081.jpg,germanshephard
germanshephard/00000146.jpg,germanshephard
germanshephard/00000046.jpg,germanshephard
germanshephard/00000086.jpg,germanshephard
germanshephard/00000053.jpg,germanshephard
germanshephard/00000083.jpg,germanshephard
germanshephard/00000148.jpg,germanshephard
germanshephard/00000050.jpg,germanshephard
germanshephard/00000060.jpg,germanshephard
germanshephard/00000082.jpg,germanshephard
germanshephard/00000088.jpg,germanshephard
germanshephard/00000144.jpg,germanshephard
germanshephard/00000058.png,germanshephard
germanshephard/00000042.jpg,germanshephard
germanshephard/00000147.jpg,germanshephard
germanshephard/00000056.jpg,germanshephard
germanshephard/00000074.jpg,germanshephard
germanshephard/00000151.jpg,germanshephard
germanshephard/00000055.jpg,germanshephard
germanshephard/00000091.jpg,germanshephard
germanshephard/00000153.jpg,germanshephard
germanshephard/00000065.jpg,germanshephard
germanshephard/00000089.jpg,germanshephard
germanshephard/00000139.jpg,germanshephard
germanshephard/00000066.jpg,germanshephard
germanshephard/00000100.jpg,germanshephard
germanshephard/00000096.jpg,germanshephard
germanshephard/00000155.jpg,germanshephard
germanshephard/00000099.jpeg,germanshephard
germanshephard/00000149.png,germanshephard
germanshephard/00000102.jpg,germanshephard
germanshephard/00000152.jpg,germanshephard
germanshephard/00000090.jpg,germanshephard
germanshephard/00000157.jpg,germanshephard
germanshephard/00000105.jpg,germanshephard
germanshephard/00000159.png,germanshephard
germanshephard/00000103.jpg,germanshephard
germanshephard/00000101.jpg,germanshephard
germanshephard/00000158.jpg,germanshephard
germanshephard/00000163.jpg,germanshephard
germanshephard/00000110.jpg,germanshephard
germanshephard/00000120.jpg,germanshephard
germanshephard/00000109.jpg,germanshephard
germanshephard/00000166.jpg,germanshephard
germanshephard/00000106.jpg,germanshephard
germanshephard/00000168.jpg,germanshephard
germanshephard/00000097.jpg,germanshephard
germanshephard/00000161.png,germanshephard
germanshephard/00000111.jpg,germanshephard
germanshephard/00000171.jpg,germanshephard
germanshephard/00000173.jpg,germanshephard
germanshephard/00000108.png,germanshephard
germanshephard/00000095.jpg,germanshephard
germanshephard/00000162.png,germanshephard
germanshephard/00000114.jpg,germanshephard
germanshephard/00000167.jpg,germanshephard
germanshephard/00000112.png,germanshephard
germanshephard/00000176.jpg,germanshephard
germanshephard/00000085.jpg,germanshephard
germanshephard/00000177.jpg,germanshephard
germanshephard/00000117.jpg,germanshephard
germanshephard/00000169.jpg,germanshephard
germanshephard/00000113.jpg,germanshephard
germanshephard/00000179.jpg,germanshephard
germanshephard/00000107.jpg,germanshephard
germanshephard/00000185.jpg,germanshephard
germanshephard/00000121.jpg,germanshephard
germanshephard/00000172.JPG,germanshephard
germanshephard/00000123.jpg,germanshephard
germanshephard/00000181.jpg,germanshephard
germanshephard/00000128.jpg,germanshephard
germanshephard/00000170.jpg,germanshephard
germanshephard/00000125.png,germanshephard
germanshephard/00000192.png,germanshephard
germanshephard/00000187.png,germanshephard
germanshephard/00000191.jpg,germanshephard
germanshephard/00000118.jpg,germanshephard
germanshephard/00000188.jpg,germanshephard
germanshephard/00000194.jpg,germanshephard
germanshephard/00000133.jpg,germanshephard
germanshephard/00000190.jpg,germanshephard
germanshephard/00000131.jpg,germanshephard
germanshephard/00000193.png,germanshephard
germanshephard/00000189.jpg,germanshephard
germanshephard/00000134.jpg,germanshephard
germanshephard/00000195.jpg,germanshephard
germanshephard/00000197.jpg,germanshephard
germanshephard/00000180.jpg,germanshephard
germanshephard/00000198.jpg,germanshephard
germanshephard/00000199.JPG,germanshephard
germanshephard/00000196.png,germanshephard
germanshephard/00000075.gif,germanshephard
germanshephard/00000115.gif,germanshephard
beagle/00000006.jpg,beagle
beagle/00000005.jpg,beagle
beagle/00000010.jpg,beagle
beagle/00000020.jpg,beagle
beagle/00000009.jpg,beagle
beagle/00000024.jpg,beagle
beagle/00000021.jpg,beagle
beagle/00000018.jpg,beagle
beagle/00000034.jpg,beagle
beagle/00000053.jpg,beagle
beagle/00000063.jpg,beagle
beagle/00000066.jpg,beagle
beagle/00000081.jpg,beagle
beagle/00000089.jpg,beagle
beagle/00000085.jpg,beagle
beagle/00000099.jpg,beagle
beagle/00000101.JPG,beagle
beagle/00000110.jpg,beagle
beagle/00000115.jpg,beagle
beagle/00000129.jpg,beagle
beagle/00000131.jpg,beagle
beagle/00000136.jpg,beagle
beagle/00000142.jpg,beagle
beagle/00000149.jpg,beagle
beagle/00000145.jpg,beagle
beagle/00000154.jpg,beagle
beagle/00000153.jpg,beagle
beagle/00000173.jpg,beagle
beagle/00000183.jpg,beagle
beagle/00000186.jpg,beagle
beagle/00000189.jpg,beagle
beagle/00000195.jpg,beagle
beagle/00000199.jpg,beagle
beagle/00000193.jpg,beagle
beagle/00000003.jpg,beagle
beagle/00000007.jpg,beagle
beagle/00000014.jpg,beagle
beagle/00000001.jpg,beagle
beagle/00000016.jpg,beagle
beagle/00000017.jpg,beagle
beagle/00000015.jpg,beagle
beagle/00000011.jpg,beagle
beagle/00000013.jpg,beagle
beagle/00000069.jpg,beagle
beagle/00000000.JPG,beagle
beagle/00000026.jpg,beagle
beagle/00000030.jpeg,beagle
beagle/00000002.jpg,beagle
beagle/00000075.jpg,beagle
beagle/00000029.jpg,beagle
beagle/00000027.jpg,beagle
beagle/00000028.jpg,beagle
beagle/00000037.jpg,beagle
beagle/00000088.jpg,beagle
beagle/00000078.jpg,beagle
beagle/00000040.jpg,beagle
beagle/00000074.jpg,beagle
beagle/00000041.jpg,beagle
beagle/00000080.jpg,beagle
beagle/00000042.jpg,beagle
beagle/00000086.jpg,beagle
beagle/00000039.jpg,beagle
beagle/00000090.jpg,beagle
beagle/00000038.jpg,beagle
beagle/00000092.jpg,beagle
beagle/00000046.jpg,beagle
beagle/00000094.jpg,beagle
beagle/00000025.JPG,beagle
beagle/00000095.jpg,beagle
beagle/00000047.jpg,beagle
beagle/00000152.jpg,beagle
beagle/00000096.jpg,beagle
beagle/00000048.png,beagle
beagle/00000082.JPG,beagle
beagle/00000158.jpg,beagle
beagle/00000050.jpg,beagle
beagle/00000159.jpg,beagle
beagle/00000044.jpg,beagle
beagle/00000104.jpeg,beagle
beagle/00000057.jpg,beagle
beagle/00000100.jpg,beagle
beagle/00000156.png,beagle
beagle/00000105.jpg,beagle
beagle/00000157.jpg,beagle
beagle/00000051.jpg,beagle
beagle/00000163.jpg,beagle
beagle/00000056.jpg,beagle
beagle/00000049.jpg,beagle
beagle/00000055.jpg,beagle
beagle/00000107.jpg,beagle
beagle/00000166.jpeg,beagle
beagle/00000045.jpg,beagle
beagle/00000052.jpeg,beagle
beagle/00000155.jpeg,beagle
beagle/00000106.png,beagle
beagle/00000060.jpg,beagle
beagle/00000167.jpg,beagle
beagle/00000113.jpg,beagle
beagle/00000165.jpg,beagle
beagle/00000112.jpg,beagle
beagle/00000058.png,beagle
beagle/00000114.jpg,beagle
beagle/00000062.jpeg,beagle
beagle/00000170.jpg,beagle
beagle/00000102.jpg,beagle
beagle/00000059.jpg,beagle
beagle/00000168.jpg,beagle
beagle/00000109.jpg,beagle
beagle/00000162.jpg,beagle
beagle/00000111.jpg,beagle
beagle/00000171.jpg,beagle
beagle/00000124.jpg,beagle
beagle/00000070.jpg,beagle
beagle/00000177.jpg,beagle
beagle/00000117.jpg,beagle
beagle/00000172.jpg,beagle
beagle/00000126.jpg,beagle
beagle/00000071.jpg,beagle
beagle/00000169.jpg,beagle
beagle/00000123.jpg,beagle
beagle/00000076.jpg,beagle
beagle/00000178.jpg,beagle
beagle/00000127.jpg,beagle
beagle/00000182.jpg,beagle
beagle/00000188.jpg,beagle
beagle/00000185.jpeg,beagle
beagle/00000190.jpg,beagle
beagle/00000122.jpg,beagle
beagle/00000174.jpg,beagle
beagle/00000125.jpg,beagle
beagle/00000187.jpg,beagle
beagle/00000132.jpg,beagle
beagle/00000191.jpg,beagle
beagle/00000181.JPG,beagle
beagle/00000135.jpg,beagle
beagle/00000198.jpg,beagle
beagle/00000128.jpg,beagle
beagle/00000194.jpg,beagle
beagle/00000140.jpg,beagle
beagle/00000197.jpg,beagle
beagle/00000134.jpg,beagle
beagle/00000196.jpeg,beagle
beagle/00000144.jpg,beagle
beagle/00000148.jpg,beagle
beagle/00000139.jpg,beagle
beagle/00000146.jpg,beagle
beagle/00000137.png,beagle
beagle/00000143.jpg,beagle
beagle/00000141.jpg,beagle
beagle/00000147.jpeg,beagle
beagle/00000150.jpeg,beagle
